<!DOCTYPE hibernate-configuration PUBLIC
"-//Hibernate/Hibernate Configuration DTD 3.0//EN"
"http://www.hibernate.org/dtd/hibernate-configuration-3.0.dtd">

<hibernate-configuration>
    <session-factory>
        <property name="hibernate.dialect">org.hibernate.dialect.MySQLDialect</property>
        <property name="hibernate.connection.driver_class">com.mysql.jdbc.Driver</property>
        <property name="hibernate.connection.username">root</property>
        <property name="hibernate.connection.password">root</property>
        <property name="hibernate.connection.url">jdbc:mysql://localhost:3306/hibernate_db</property>
        <property name="hibernate.hbm2ddl.auto">create/drop</property>
        <property name="hibernate.cache.use_second_level_cache">false</property>
        <property name="show_sql">true</property>
        <mapping class="com.hibernate.examples.Employee"/>
    </session-factory>
</hibernate-configuration>
